parentDocumentId,parentName,parentType,componentItemId,componentName,componentType,quantity,componentUnit
"74kNjeFiFgVcRBxzrMHj","Muffin de Chocolate","finished_good","tiJfHqAK2ZUHVI43CdRS","Azucar","raw_material","11.62","gr"
"74kNjeFiFgVcRBxzrMHj","Muffin de Chocolate","finished_good","hfYmna1OS0ddFuRqK2iM","Esencia de Vainilla","raw_material","0.49","gr"
"74kNjeFiFgVcRBxzrMHj","Muffin de Chocolate","finished_good","9xzNG6ivbiENiE8h9y86","Huevos","raw_material","6.12","gr"
"74kNjeFiFgVcRBxzrMHj","Muffin de Chocolate","finished_good","M62EOPptlXniVvK7WAoF","Yogurt Griego","raw_material","17.13","gr"
"74kNjeFiFgVcRBxzrMHj","Muffin de Chocolate","finished_good","fSnWb6KZSBWpI0IIhE4h","Harina de trigo Fuerte","raw_material","15.29","gr"
"74kNjeFiFgVcRBxzrMHj","Muffin de Chocolate","finished_good","srbEmhYf69vViqFDCcBQ","Polvo de hornear","raw_material","0.55","gr"
"74kNjeFiFgVcRBxzrMHj","Muffin de Chocolate","finished_good","TN3dhXTrPsYp5FB5jPdM","Bicarbonato","raw_material","0.18","gr"
"74kNjeFiFgVcRBxzrMHj","Muffin de Chocolate","finished_good","p6WA104EyTBbXPexjilZ","Sal","raw_material","0.18","gr"
"74kNjeFiFgVcRBxzrMHj","Muffin de Chocolate","finished_good","3H7iJvrsjkIpd8eKbgcf","Cocoa","raw_material","2.51","gr"
"74kNjeFiFgVcRBxzrMHj","Muffin de Chocolate","finished_good","NDzXFrN40mqLGLOIH2IZ","Chocolate semiamargo","raw_material","13.46","gr"
"74kNjeFiFgVcRBxzrMHj","Muffin de Chocolate","finished_good","pVUiLPehraHcBycL5C3u","Aceite neutro de girasol","raw_material","7.34","gr"
"americano","Americano","finished_good","cafe-grano","Café en Grano (House Blend)","raw_material","36","gr"
"americano","Americano","finished_good","vaso-12oz","Vaso de Cartón 12oz","raw_material","1","unidades"
"aura-cookie","Aura Cookie","finished_good","tiJfHqAK2ZUHVI43CdRS","Azucar","raw_material","9.03","gr"
"aura-cookie","Aura Cookie","finished_good","NYfE213uC3PCsCy0L9sU","Azucar morena","raw_material","9.94","gr"
"aura-cookie","Aura Cookie","finished_good","mantequilla","Mantequilla","raw_material","13.73","gr"
"aura-cookie","Aura Cookie","finished_good","9xzNG6ivbiENiE8h9y86","Huevos","raw_material","0.17","gr"
"aura-cookie","Aura Cookie","finished_good","hfYmna1OS0ddFuRqK2iM","Esencia de Vainilla","raw_material","0.22","gr"
"aura-cookie","Aura Cookie","finished_good","fSnWb6KZSBWpI0IIhE4h","Harina de trigo Fuerte","raw_material","18.97","gr"
"aura-cookie","Aura Cookie","finished_good","harina-trigo","Harina de Trigo Panadera","raw_material","9.03","gr"
"aura-cookie","Aura Cookie","finished_good","p6WA104EyTBbXPexjilZ","Sal","raw_material","0.51","gr"
"aura-cookie","Aura Cookie","finished_good","srbEmhYf69vViqFDCcBQ","Polvo de hornear","raw_material","0.23","gr"
"aura-cookie","Aura Cookie","finished_good","TN3dhXTrPsYp5FB5jPdM","Bicarbonato","raw_material","0.07","gr"
"aura-cookie","Aura Cookie","finished_good","jJTe3BNFobMdb1t3TnJI","Covertura de chocolate negro","raw_material","4.07","g"
"aura-cookie","Aura Cookie","finished_good","5FIacFGS6CaOe6HCm4pP","Covertura de chocolate blanco","raw_material","4.07","gr"
"cruller","Cruller","finished_good","w6QF1akLmOmOXbSzkWar","Agua","raw_material","102","gr"
"cruller","Cruller","finished_good","mantequilla","Mantequilla","raw_material","22.8","gr"
"cruller","Cruller","finished_good","p6WA104EyTBbXPexjilZ","Sal","raw_material","1.2","gr"
"cruller","Cruller","finished_good","tiJfHqAK2ZUHVI43CdRS","Azucar","raw_material","6","gr"
"cruller","Cruller","finished_good","harina-trigo","Harina de Trigo Panadera","raw_material","70","gr"
"cruller","Cruller","finished_good","9xzNG6ivbiENiE8h9y86","Huevos","raw_material","70","gr"
"cruller","Cruller","finished_good","hfYmna1OS0ddFuRqK2iM","Esencia de Vainilla","raw_material","2.4","gr"
"dV9UT22L8rOC07KJi8Sh","Nata Pasteis","wip","u0GMPhut4XYrFWG5wJqc","Jarabe pasteis","wip","1","g"
"dV9UT22L8rOC07KJi8Sh","Nata Pasteis","wip","dhicyzVKxsJHIgzf0cUe","Crema base pasteis","wip","1","g"
"dhicyzVKxsJHIgzf0cUe","Crema base pasteis","wip","leche-entera","Leche Entera","raw_material","25.13","gr"
"dhicyzVKxsJHIgzf0cUe","Crema base pasteis","wip","7WYgRxOXPTBm56pwpcpu","Crema de leche","raw_material","12.56","gr"
"dhicyzVKxsJHIgzf0cUe","Crema base pasteis","wip","harina-trigo","Harina de Trigo Panadera","raw_material","2.01","gr"
"dhicyzVKxsJHIgzf0cUe","Crema base pasteis","wip","9xzNG6ivbiENiE8h9y86","Huevos","raw_material","0.3","gr"
"latte","Latte","finished_good","cafe-grano","Café en Grano (House Blend)","raw_material","18","gr"
"latte","Latte","finished_good","leche-entera","Leche Entera","raw_material","200","gr"
"latte","Latte","finished_good","vaso-12oz","Vaso de Cartón 12oz","raw_material","1","unidades"
"lava-cookie-doble-chocolate","Lava Cookie Doble Chocolate","finished_good","tiJfHqAK2ZUHVI43CdRS","Azucar","raw_material","11.88","gr"
"lava-cookie-doble-chocolate","Lava Cookie Doble Chocolate","finished_good","NYfE213uC3PCsCy0L9sU","Azucar morena","raw_material","13.06","gr"
"lava-cookie-doble-chocolate","Lava Cookie Doble Chocolate","finished_good","mantequilla","Mantequilla","raw_material","18.05","gr"
"lava-cookie-doble-chocolate","Lava Cookie Doble Chocolate","finished_good","9xzNG6ivbiENiE8h9y86","Huevos","raw_material","0.16","gr"
"lava-cookie-doble-chocolate","Lava Cookie Doble Chocolate","finished_good","hfYmna1OS0ddFuRqK2iM","Esencia de Vainilla","raw_material","0.29","gr"
"lava-cookie-doble-chocolate","Lava Cookie Doble Chocolate","finished_good","fSnWb6KZSBWpI0IIhE4h","Harina de trigo Fuerte","raw_material","24.94","gr"
"lava-cookie-doble-chocolate","Lava Cookie Doble Chocolate","finished_good","harina-trigo","Harina de Trigo Panadera","raw_material","11.88","gr"
"lava-cookie-doble-chocolate","Lava Cookie Doble Chocolate","finished_good","p6WA104EyTBbXPexjilZ","Sal","raw_material","0.67","gr"
"lava-cookie-doble-chocolate","Lava Cookie Doble Chocolate","finished_good","srbEmhYf69vViqFDCcBQ","Polvo de hornear","raw_material","0.31","gr"
"lava-cookie-doble-chocolate","Lava Cookie Doble Chocolate","finished_good","TN3dhXTrPsYp5FB5jPdM","Bicarbonato","raw_material","0.1","gr"
"lava-cookie-doble-chocolate","Lava Cookie Doble Chocolate","finished_good","jJTe3BNFobMdb1t3TnJI","Covertura de chocolate negro","raw_material","10.69","g"
"lava-cookie-doble-chocolate","Lava Cookie Doble Chocolate","finished_good","jJTe3BNFobMdb1t3TnJI","Covertura de chocolate negro","raw_material","9.3","g"
"lava-cookie-doble-chocolate","Lava Cookie Doble Chocolate","finished_good","7WYgRxOXPTBm56pwpcpu","Crema de leche","raw_material","9.3","gr"
"lava-cookie-doble-chocolate","Lava Cookie Doble Chocolate","finished_good","Nrr8wh6hMoDnCORZrAgA","Glucosa","raw_material","1.4","gr"
"lava-cookie-red-velvet","Lava Cookie Red Velvet","finished_good","tiJfHqAK2ZUHVI43CdRS","Azucar","raw_material","11.71","gr"
"lava-cookie-red-velvet","Lava Cookie Red Velvet","finished_good","NYfE213uC3PCsCy0L9sU","Azucar morena","raw_material","12.88","gr"
"lava-cookie-red-velvet","Lava Cookie Red Velvet","finished_good","mantequilla","Mantequilla","raw_material","17.79","gr"
"lava-cookie-red-velvet","Lava Cookie Red Velvet","finished_good","9xzNG6ivbiENiE8h9y86","Huevos","raw_material","0.16","gr"
"lava-cookie-red-velvet","Lava Cookie Red Velvet","finished_good","hfYmna1OS0ddFuRqK2iM","Esencia de Vainilla","raw_material","0.28","gr"
"lava-cookie-red-velvet","Lava Cookie Red Velvet","finished_good","fSnWb6KZSBWpI0IIhE4h","Harina de trigo Fuerte","raw_material","24.58","gr"
"lava-cookie-red-velvet","Lava Cookie Red Velvet","finished_good","harina-trigo","Harina de Trigo Panadera","raw_material","11.71","gr"
"lava-cookie-red-velvet","Lava Cookie Red Velvet","finished_good","p6WA104EyTBbXPexjilZ","Sal","raw_material","0.66","gr"
"lava-cookie-red-velvet","Lava Cookie Red Velvet","finished_good","srbEmhYf69vViqFDCcBQ","Polvo de hornear","raw_material","0.3","gr"
"lava-cookie-red-velvet","Lava Cookie Red Velvet","finished_good","TN3dhXTrPsYp5FB5jPdM","Bicarbonato","raw_material","0.09","gr"
"lava-cookie-red-velvet","Lava Cookie Red Velvet","finished_good","5FIacFGS6CaOe6HCm4pP","Covertura de chocolate blanco","raw_material","10.54","gr"
"lava-cookie-red-velvet","Lava Cookie Red Velvet","finished_good","5FIacFGS6CaOe6HCm4pP","Covertura de chocolate blanco","raw_material","6.67","gr"
"lava-cookie-red-velvet","Lava Cookie Red Velvet","finished_good","7WYgRxOXPTBm56pwpcpu","Crema de leche","raw_material","6.67","gr"
"lava-cookie-red-velvet","Lava Cookie Red Velvet","finished_good","ec6jcnCIMjsQGgHJVUg1","Queso Crema","raw_material","6.67","gr"
"oOMMzk0HddSbyo5M0TEJ","Masa muffins salados","wip","mantequilla","Mantequilla","raw_material","100","gr"
"pasteis-de-nata","Pasteis de Nata","finished_good","u2wegdOYcF4LNiZL1TcL","Hojaldre","wip","1","g"
"pasteis-de-nata","Pasteis de Nata","finished_good","dV9UT22L8rOC07KJi8Sh","Nata Pasteis","wip","1","g"
"u0GMPhut4XYrFWG5wJqc","Jarabe pasteis","wip","BTPWgEc3BZMUocStZRQn","limon","raw_material","0.05","Unidades"
"u0GMPhut4XYrFWG5wJqc","Jarabe pasteis","wip","tiJfHqAK2ZUHVI43CdRS","Azucar","raw_material","26.49","gr"
"u0GMPhut4XYrFWG5wJqc","Jarabe pasteis","wip","U2eprL2TAPvPj5ePHEDA","Canela","raw_material","0.21","gr"
"u0GMPhut4XYrFWG5wJqc","Jarabe pasteis","wip","w6QF1akLmOmOXbSzkWar","Agua","raw_material","13.25","gr"
"u2wegdOYcF4LNiZL1TcL","Hojaldre","wip","fSnWb6KZSBWpI0IIhE4h","Harina de trigo Fuerte","raw_material","25.93","gr"
"u2wegdOYcF4LNiZL1TcL","Hojaldre","wip","harina-trigo","Harina de Trigo Panadera","raw_material","11.11","gr"
"u2wegdOYcF4LNiZL1TcL","Hojaldre","wip","mantequilla","Mantequilla","raw_material","2.22","gr"
"u2wegdOYcF4LNiZL1TcL","Hojaldre","wip","p6WA104EyTBbXPexjilZ","Sal","raw_material","0.74","gr"
"xSVhaS3BDKYaE74nvtrn","Muffin de Arándalos","finished_good","mantequilla","Mantequilla","raw_material","8.52","gr"
"xSVhaS3BDKYaE74nvtrn","Muffin de Arándalos","finished_good","tiJfHqAK2ZUHVI43CdRS","Azucar","raw_material","13.34","gr"
"xSVhaS3BDKYaE74nvtrn","Muffin de Arándalos","finished_good","BTPWgEc3BZMUocStZRQn","limon","raw_material","0.07","Unidades"
"xSVhaS3BDKYaE74nvtrn","Muffin de Arándalos","finished_good","hfYmna1OS0ddFuRqK2iM","Esencia de Vainilla","raw_material","0.37","gr"
"xSVhaS3BDKYaE74nvtrn","Muffin de Arándalos","finished_good","9xzNG6ivbiENiE8h9y86","Huevos","raw_material","7.41","gr"
"xSVhaS3BDKYaE74nvtrn","Muffin de Arándalos","finished_good","M62EOPptlXniVvK7WAoF","Yogurt Griego","raw_material","8.89","gr"
"xSVhaS3BDKYaE74nvtrn","Muffin de Arándalos","finished_good","fSnWb6KZSBWpI0IIhE4h","Harina de trigo Fuerte","raw_material","18.53","gr"
"xSVhaS3BDKYaE74nvtrn","Muffin de Arándalos","finished_good","srbEmhYf69vViqFDCcBQ","Polvo de hornear","raw_material","0.67","gr"
"xSVhaS3BDKYaE74nvtrn","Muffin de Arándalos","finished_good","p6WA104EyTBbXPexjilZ","Sal","raw_material","0.22","gr"
"xSVhaS3BDKYaE74nvtrn","Muffin de Arándalos","finished_good","Qo55xfJsLpKq39LVybOX","Arándalos","raw_material","230","gr"